0,1,2,3,4,5,6,7,8,9,10,Class/ASD
0.7202638264623412,1.6558877275224635,2.8049717884382175,2.128815121300312,2.6082158866473417,2.4574091164014753,3.7868573796655265,2.8063741683228254,2.4397493032926976,2.642617411083658,2.030784836619842,0.0
1.00583294028592,2.427170607623593,3.2231627567871697,2.6667280514439624,1.55867050567302,3.281781289738454,2.615382336339698,2.3364527539382527,2.5765453121630473,1.439453284397912,2.3422451266876125,0.0
0.7857434776417073,1.7926539216005988,2.638072430081736,2.010107996113157,2.6700898160025655,2.1715325346520555,2.9154511077004757,2.9376272374335772,4.023072453447739,2.7477679621594486,2.170770282400474,0.0
1.07995766645076,0.691441531554461,3.543702106838332,3.8055044185763336,3.3309638336290393,2.437089635401561,3.33068419106864,2.7572623417889424,3.511125072515962,2.899801669882895,2.3112860219339617,0.0
0.8533549832096818,1.3503482244240503,2.1274398353599686,2.133082581721189,2.9092922510724075,2.2794982616063075,3.4600692571773735,2.311834023700615,1.999495872221653,2.002102486587693,2.8070144037332647,0.0
0.9138568975285998,2.5941539641877824,3.665782321305349,2.6823645566049703,1.3638736769847657,3.435245905224382,2.9505452227272695,2.620592370608237,2.6038823233620128,1.817439306798166,1.8430291708832132,0.0
1.2805854723458947,1.880975652197807,2.209910333228641,1.96512997820532,3.214693384516799,3.9066696595448938,5.0087585191558865,2.1168623919005833,2.9520790566871744,2.148904031379958,2.533782817782428,0.0
1.917613971539576,3.321686764569413,4.036089305871993,1.7803840046931654,3.3672498909649073,2.8728761118582877,2.118263820904775,2.6352203504202114,2.066223081352821,1.270226251082553,2.8108705703038024,0.0
1.4003196721363518,1.8553309346693108,1.744867220260044,1.8640930321395968,3.410674967855426,3.5744233220550097,4.097846598851736,1.997123559488372,4.118580499954,1.937527677466127,3.022098439631511,0.0
0.9941727932645412,2.6400735423916584,3.3904333075108126,2.5880289698825036,1.4763709051280236,3.168770117231412,2.1832745394203568,2.622627659718204,3.7820996287863577,1.7680569625979563,2.1173950972742497,0.0
1.4863845814473189,1.2509935942580717,2.8398438735013647,1.3872296451581363,1.861593752332635,1.7558973126953874,3.593207833598924,2.6524941454184545,2.837046130683541,3.007394742009972,4.191937598174127,0.0
1.0157962774602345,2.281259523485625,3.10111049501744,2.7188218080699547,1.6181749258672464,3.3534681519179856,2.8954741320677977,2.13890425430053,1.7721915531578594,1.211384498200116,2.5040312407394585,0.0
1.6373832508979458,2.138767807887336,3.831527610427107,2.0018079828742703,0.5654434891532258,2.8931150297549344,3.228509121819688,2.431529343629136,2.212446541516515,2.170139864735234,3.880701785575732,0.0
1.5216192264777126,1.62780500696738,1.6269584021214551,2.1907396107202235,2.8306077410989534,2.5250933390050516,2.430035519756415,1.4532897169893713,2.272827451692577,3.9220349780626544,2.041821835584238,0.0
3.5773106707272686,2.560681184521455,2.7844433977963,1.6672344996438648,1.176891369333198,4.702214910361029,3.4019921539694824,2.697590977924039,2.691946114299151,3.209637119219823,2.523054310498634,0.0
1.3715232890650422,1.3317027799248975,3.318489592631497,1.460544373091107,1.656731047666242,2.035857581773055,4.328163546932534,2.840563697285345,2.0697926011924537,3.2923069866244217,3.67621634309028,0.0
1.5568498328703912,2.348888250011212,4.256134098014648,1.9886053766798375,0.3756795982906279,2.9833318186100573,3.3637755951325854,2.763703992905098,2.6370788228395665,2.594662776310979,3.389738478995115,0.0
2.236114028390764,2.242896083250719,5.451177544326912,3.2400701178327815,2.6977643733791643,2.1933491795279947,2.841722969444586,1.7818294006860642,2.5799003809187715,2.2082553078894036,4.30207084958139,0.0
1.60499188102444,0.6577293161438067,4.112433175951948,3.4364867281880147,3.455537280827042,3.0423998871742195,3.618835383747849,3.9461660414653488,2.947234460840068,3.3695507053291625,1.9450309184098888,0.0
1.5333059994718463,2.7118954454333273,2.7861797175155365,2.508627374444703,2.0955777075618536,4.785850624070371,3.9569845064837312,1.7484194121388177,3.098638284333498,1.080734912803143,2.6669516950045993,0.0
1.5333059994718463,2.7118954454333273,2.7861797175155365,2.508627374444703,2.0955777075618536,4.785850624070371,3.9569845064837312,1.7484194121388177,3.098638284333498,1.080734912803143,2.6669516950045993,0.0
1.2446523556262696,3.751785099051138,4.253339845465987,2.1207626961878656,2.8909767804680895,2.426075921160739,2.0527651621026206,2.070074575520912,3.4754729690515203,1.595525035604143,2.266515625881944,0.0
3.238523623355311,1.714271350855341,4.481973325434214,2.2533653459234286,4.433593961169528,2.8169479141529226,4.840862161778168,3.492722507965027,3.4458155497245877,2.6510569772102515,3.379002668991026,0.0
1.2709312249763924,3.7040755686207687,4.126877112790356,2.1162951232862697,2.9466330172168647,2.3822288881799625,1.9570043374536608,1.988891827929065,3.4676623944259526,1.4875290292415158,2.4091487560623173,0.0
0.9770955838859328,3.011711921873154,3.785520116940756,1.5528937614606648,3.959469158489034,1.5274941629211556,3.000403586133428,2.567735335564241,3.734019586644125,2.818227049809195,1.9989662676695967,0.0
1.3141216965788705,1.704951534689619,4.411019116023018,3.394799474386154,4.749417892268589,1.8099293345335412,3.576027434144752,2.0883435058265536,2.4079552289097372,2.60719696340615,2.4795595340333567,0.0
2.1877415596071854,2.509766816700647,3.3585184169872595,1.786029083153286,1.1124165668284558,4.2706887107188205,4.170318465581949,1.9395660668446164,3.5291300539161794,1.9044952712293295,4.221913652686471,0.0
2.5983015699670102,2.3353704074996826,0.8069367629895358,3.1006905928575956,2.847591126209096,1.6985497057553658,2.690786177915933,2.613951875378591,2.1879489070898974,3.8441684382007497,2.530607203495488,0.0
2.04835025094607,1.5271009407954306,2.150471182026082,1.8483272452781103,2.9779763687620124,3.171727901056698,2.8702027135641477,2.553567010318066,1.307736282103808,4.291249121245483,1.7386306477178224,0.0
1.5917962503083256,1.057016084087942,1.743289937426162,1.6739967650053602,3.447439290913565,2.44042187049036,2.6541616437988447,3.008232867794405,2.1735691351672703,1.781954253232011,3.4913547939021705,0.0
1.5240012461667924,2.4085251630781217,4.414212513935921,1.9941898428095437,0.3061093023208885,3.0381406098626327,3.483476626001891,2.865182427444166,2.646842041126265,2.729657784329792,3.2114470661831027,0.0
1.3156009841921317,1.893999704203996,4.5150583005385005,3.3138666064278515,4.694946410045986,1.674994645680859,3.096039225325189,2.3339270377894747,3.609604257530778,2.8818026384272013,2.3260260695850663,0.0
1.357260253015988,1.5416436451055069,4.0387270477104495,4.317928916989497,2.244709212937015,3.231099256725174,2.0311333527887045,2.396263020774599,4.051074283173798,1.8241714372078208,2.524024113628803,0.0
2.504840998011863,1.494828597638692,4.2281219392925165,3.5237472828353615,1.7833564603608618,4.409750157902336,4.185758722027871,1.8552712361374843,3.8117732138936247,2.1496027569082616,4.378934691311919,0.0
1.246566687761535,3.428753228054728,4.058864082709543,2.2549062140596465,2.9910386235444184,2.6436592306627102,2.8367853734110984,1.647238230944903,1.4714228244064151,1.119849576174862,2.546176921452233,0.0
3.19305313090192,0.2869697431443,3.135372376953294,3.0061532613427184,2.597008448221191,2.326484959638175,2.840321778688044,3.326224226007489,2.282505351064811,4.557644075967728,2.6500992942309316,0.0
2.379611194827705,2.2180315308874294,2.938055372860719,2.0737845113309055,0.6626088108187803,3.0594550766450728,2.087149117545054,1.2611060745251172,2.06309848283814,3.69254844622673,3.570814241374647,0.0
2.379611194827705,2.2180315308874294,2.938055372860719,2.0737845113309055,0.6626088108187803,3.0594550766450728,2.087149117545054,1.2611060745251172,2.06309848283814,3.69254844622673,3.570814241374647,0.0
1.3900620381058522,3.3445764701963325,2.5659812331317795,4.027946597675096,1.1349052653698075,2.2175817397231805,3.514459164305631,2.658646259844501,2.3039249994912727,1.3927419665981955,2.3962980825409015,0.0
2.076056364789437,2.71253232117446,3.895985031242367,1.8050162679986237,0.8758775604773074,4.457038601020147,4.5773019706305575,2.2845927443562664,3.562324996098539,2.3634782985981433,3.615722848987152,0.0
1.3292377721387258,3.5189147644105847,2.8957406709823927,4.011393311796334,0.986883552170104,2.274913253762905,3.5779050189574906,2.929933848278798,2.72269934983093,1.7362678732053822,2.012309623855205,0.0
2.44834548457618,1.9380312728236384,4.812902847889376,2.495313433771339,4.182970358531167,2.8342447531164554,5.146529005830594,1.922153033469811,3.775409033699222,3.3617668537944994,4.046556166263613,0.0
1.2961093544258753,1.6737418318147887,4.460647876489568,3.4247554790145216,4.730470895097767,1.8841389196066431,3.799864053887827,2.0606041602810987,2.0126126019764645,2.587659076058846,2.4356486018653327,0.0
1.4543267255049923,1.1736847362939973,3.460452615407331,4.382108386607214,2.507891583084385,3.201607571911666,2.152018469308398,1.8462441850748452,2.820135598993696,1.14458073800159,3.212431816561112,0.0
2.861783870081839,2.4698608426094557,5.081569314915484,3.358756049269675,2.56727180999432,2.59832518515296,2.2833026772355844,0.8881020896784233,2.06449935065081,4.116111026101519,3.413398134846513,0.0
1.6360649887056933,0.4121836218394761,4.441018580594955,3.207197718587218,2.216358467566014,2.2626130950245447,4.535125452908799,2.9186343619589463,2.3680569104399916,3.7534064852907263,3.5479711210087936,0.0
2.2908112495524033,2.507071206330081,3.43949583285553,2.0350934734512647,0.4361356802945536,3.119309313546441,2.094339796142164,1.70220281699257,2.8908839652440257,4.244605251605772,2.981128736572937,0.0
1.608089309448137,0.526885003054299,4.612699602540965,3.1850599665447765,2.1379070503251665,2.265135817747617,4.47887027647572,3.0884435159379127,2.777068042982225,3.961937383969216,3.342274075101526,0.0
1.491152659463194,2.468162076145032,4.572290929857196,1.9997743089392497,0.2365390063511481,3.092949401115209,3.603177656871196,2.9666608619832355,2.656605259412964,2.8646527923486063,3.0331556533710895,0.0
3.0441818115995596,3.8842252806284865,3.9466637752679343,1.440799420579871,2.3547877011207827,3.965855795088512,3.553209414716249,0.5541727324813487,2.7129602948967735,3.72081606741619,3.375386618664369,0.0
1.6208792500208873,2.6295004366077,4.838402219481279,3.848428856849483,3.687143206583926,2.4664815442173236,1.8527435632627,1.803118562879904,3.740542336135656,1.5976415071637535,2.7444612071535905,0.0
2.0653013775192948,2.5530080312218115,6.273185307178925,3.269109341709421,2.3359988343095006,2.4783548940626727,3.4641683300114594,2.309517260328629,2.6306691160133977,2.910229349639658,3.3749555028896845,0.0
1.9669956127071837,3.10421138484379,3.7243429452422863,1.8257764019721847,3.5102386662147547,2.8787924246198653,2.2547143797756455,2.3158977294932384,1.25015346041876,0.8801634554718752,3.1866063794531145,0.0
1.6088634167836002,2.4672691017416635,4.244627496771017,0.995511885841846,3.043508804699462,1.3150869021395588,4.245534581823067,2.328601986785457,1.7670712287609214,3.173773062680863,3.7540203067808817,0.0
1.8184629302234143,1.826548059858508,3.306113040947405,1.2892410898974145,2.003874358692477,3.630143704960095,5.805032190389464,2.584705004761873,3.016517854685956,3.3581115266053985,3.509959604826651,0.0
2.483326053781685,2.091045871422693,1.8867197260085316,2.3339463062669803,2.2256591689320286,3.702655324235776,0.9960869268553256,1.7054712031847443,1.8008220447473635,2.5676428496483035,2.807167521444,0.0
2.05634721279279,2.7483144689682875,3.990832080672355,1.8083669476721096,0.8341353829494969,4.489923875729124,4.649122589059172,2.3454798050008914,3.5681829270629755,2.4444753033045834,3.5087480014384185,0.0
3.4047740256294174,3.4033055080355084,0.8197603752818032,3.4816197392290116,2.321038887916151,4.037952971685419,2.884853510931242,1.576292806122101,2.848790531789933,2.309284941550208,3.131115779283223,0.0
1.1329671608085214,3.954550603524952,4.790806459721094,2.139749881033203,2.654437774116942,2.6124258114620647,2.459748667151229,2.415101253032562,3.508667911233879,2.0545080629729564,1.660324822182625,0.0
2.1518779008039,0.9098113945041518,4.17130609234676,2.9703979600519017,2.670966068779432,3.653671256983304,5.444619826458327,2.6167759261006154,4.095704199043022,3.723291792119499,3.647827659580625,0.0
2.462029074127978,1.7003765947760892,4.508252616966849,3.477237992373049,1.6542817442077795,4.392872087039456,4.025367957384711,2.1542981702305366,4.625890190696237,2.5126665510347532,4.038857164481645,0.0
1.7813726723917558,2.6506804784350635,1.0288648014796793,3.2796391214583633,3.018586029236969,2.603834150816078,5.32489563510267,2.162359939749862,3.0455117156087783,1.7167455769120474,3.166620944100272,0.0
2.876620114702196,2.3790142266194,4.97311965917049,3.3831275877235196,2.6178951089174385,2.6177259788029885,2.3874382656612987,0.7588843094805989,1.6593935059011562,3.961578130563399,3.547778615803103,0.0
2.5738303088852317,1.8819570176182612,2.34940943681432,1.3589838318606031,2.1288677988296025,3.774560235210633,4.6157917733887786,1.3736903617880372,2.863264509168906,4.8265221047960045,3.271388625959117,0.0
2.0669981874326995,2.4860161805048384,6.227967017925216,3.295714666619485,2.3587940147906896,2.5196792042563003,3.616184330877865,2.220890854025248,2.2294685585860066,2.809694457413912,3.438019418582994,0.0
2.1453081835142065,0.9217387770248964,4.202921775285463,2.971514853269168,2.6570520096935506,3.6646330151486817,5.46856003244625,2.637071612850797,4.097656842685195,3.750290793513567,3.612169377295172,0.0
2.042305046037685,2.180497247706669,1.370848519796388,1.92621763402892,3.2763342210880073,3.863865432438996,3.1635736860570507,1.2197620004639755,4.399722654265869,3.9654561754209734,2.11427274118386,0.0
2.462776350347604,2.9042824957400497,0.4651520018419628,3.335062364004431,2.9677296376649194,2.8275057117031497,4.246981485310748,1.2632242592032863,3.3149380077631267,3.582680065153271,2.4727449411106694,0.0
3.5215768344306033,2.534043926633103,2.978547968176058,1.730497188540112,1.0972551974528617,4.883519355152133,3.9214860116686143,2.7029993475614935,1.9071187918863188,3.2515583493217735,2.3282575985802674,0.0
1.2481779472233558,1.7473712191378552,4.023226757603101,1.400832476389545,1.3378924407747612,2.1091962995948004,4.303039255154216,3.4717652805410584,3.3085418597884337,4.079893692154657,2.845175509991992,0.0
2.400282105597413,3.882090838558561,4.515158238341709,1.2445313007987853,2.389066604874751,3.4588303751218814,3.703462115993832,1.7543706360191238,4.435868285430221,2.168563028798188,4.00355102170043,0.0
0.5411846483239902,2.0449189088470696,3.703813523789581,2.132365913494997,2.2097411078755247,2.7120522790143258,4.28122694558634,3.4429841212159937,2.8936712394758457,3.472125346715844,1.004947291603187,0.0
1.4288781594671975,2.786346362877637,5.651217847530921,3.961751628417287,3.33810697208952,2.9193072225116197,3.0269977516182207,2.146109951281586,2.59551997289367,2.1060068787327757,1.8639044770632351,0.0
2.670697127407676,1.0982627263444174,4.7631924146191,3.4832585952858928,1.3111571536823603,3.0941346685582394,3.0496088013057356,4.22968294974596,2.588175855181246,2.1020613837494766,2.9148643029796157,0.0
2.125467059611189,2.8279511034332527,4.4374453346609855,3.748006402631323,4.213984532566827,4.0970465321152325,3.594138560328974,1.1190151561429669,3.4680447673968855,1.1458493576134994,3.052662476378617,0.0
1.5965147128060293,2.354178096041659,4.770389189400466,3.987039947622859,3.73154881291148,2.727911886700072,2.7325245992201377,1.4614649658957417,1.744302766116118,1.2299620540970997,2.8814893725435065,0.0
1.5965147128060293,2.354178096041659,4.770389189400466,3.987039947622859,3.73154881291148,2.727911886700072,2.7325245992201377,1.4614649658957417,1.744302766116118,1.2299620540970997,2.8814893725435065,0.0
1.851064021682003,1.2476758599939943,5.161763774778389,3.784001799128454,1.0365536159124369,3.2488889193321016,3.779008678408335,2.583339097296352,2.1251314421174796,2.746696484073048,3.5302542185142087,0.0
3.305466588367253,4.0520561802536355,1.6846719612767505,2.406676599692917,4.59157807005495,2.44556949594088,3.685233029881624,1.9422015373701451,3.62654332838108,3.884512832327032,2.458659727716213,0.0
1.7921840608732915,1.8742575902888765,3.432575773623036,1.2937086627990102,1.9482181219437025,3.673990737940872,5.900793015038424,2.66588775235372,3.0243284293115233,3.4661075329680258,3.367326474646278,0.0
3.2599440526985792,3.668847313932249,2.10600841058531,3.201553978741772,0.6517089941175003,3.419198963436106,3.967540937867458,1.3423282052718493,3.5239833892578263,3.696719440055592,3.617748888042289,0.0
1.835025038341568,2.00160375518421,4.005651760287297,3.23781569065982,5.272411034812257,3.3249604273077566,4.941569810957186,1.5206058510876417,2.9320008442710015,2.2754775936395686,2.768607819406103,0.0
1.822986343599037,4.008082726717109,3.6086496300968,1.9271215484753497,3.516401275373284,3.801126879337477,3.0508296820823277,1.4083021448411648,4.383145349398226,1.121349543509866,2.813424538866367,0.0
1.8613039077554725,1.9538942246380449,3.8791890273047263,3.233348117747381,5.328067271696116,3.281113394220559,4.845808986075804,1.4394231032987548,2.9241902696264765,2.167481587014823,2.9112409499326626,0.0
2.100885000174471,2.8086687831466484,4.518689778082908,3.779079300442984,4.181123476299241,4.182217875289636,3.84191538584434,1.111571497431433,3.074654784595063,1.1533104717503804,2.973093261891554,0.0
2.5755271187288833,1.8149651669496032,2.3041911478508807,1.3855891568154837,2.1516629791865913,3.8158845455747583,4.767807774703241,1.2850639555979575,2.4620639512711975,4.725987212742259,3.334452541339826,0.0
2.5287965462159416,3.5183474791684723,3.233320674581532,1.5811583908509437,4.06224468183984,4.19311827878245,2.996627310015177,1.8719694852013955,2.964132243412828,0.6610557509694619,3.536070896100238,0.0
2.4527083889198407,3.6517824182355993,4.654585357128406,1.6366743547486071,1.7015350877736597,2.6127283534553727,2.603025307177233,1.25653653705554,1.8091932018723296,4.24898956282284,2.7571611404166654,0.0
2.4659524478870263,3.026338814514294,0.5239728970423484,3.280734820954025,2.9360533359505228,2.73389533302281,3.9190092773111056,1.420181384823419,4.115386478952986,3.7567508478961527,2.382275392424926,0.0
2.658771616752453,1.463705777220762,4.101392179087046,3.7372712023715513,1.1955928668277722,3.129352384483239,1.766242402115713,1.5441688975247516,3.5591065340966903,4.374255616913936,3.360352119817841,0.0
3.109268405740983,3.5144119098073308,4.198650178088214,0.8442406001261408,2.9032337095998946,3.7572113959078006,3.3212875359735228,2.3749951020388944,3.817303650638472,1.882340019053089,4.635727830179321,0.0
1.6602507524642272,4.420505879061985,3.334040721656965,3.5573296443069724,2.591253318237684,1.4420022689435306,3.3121291685592804,2.045206115002584,1.991440408791998,1.1392130348979417,2.652393458697329,0.0
2.159004203207198,3.0943081309502083,3.9208757771408456,0.6721947931699881,3.513215219644469,2.516401583901523,4.55533971537568,2.1708486484706047,4.686604328397257,3.2832690366406116,3.878634793668456,0.0
2.0157786814106613,1.7089714913973326,3.511040402377746,4.431030382296684,2.1837869455219105,3.5812664710975635,1.3530120297103978,1.4010572752278905,3.525910034619138,3.597032147401123,1.8136428117059389,0.0
2.3977952564309577,4.263474696239004,3.4467485770660504,2.0813479506848753,3.2973914188525426,4.335121261315582,2.835947040578122,0.5883139227912504,3.482164910274001,3.1446623823548685,1.7025494791658462,0.0
3.073854300770521,3.7025320486966913,3.729764464068216,1.4895424975323768,2.45603429884282,4.004657382559067,3.7614805920157335,0.2957371721990012,1.902748604927149,3.411750276511954,3.644147580264948,0.0
2.921309919259786,2.161370208216626,2.960765913028718,1.354665484609605,1.6594447279407212,4.483898388132376,3.540367059505805,2.567634191498509,3.303955402606262,1.6108111472139703,4.933659675950634,0.0
1.9533156333087005,2.650767360737664,0.8525062806303759,3.463207036409298,2.449769432957791,1.2492267923622056,2.681542695639272,1.8789969464644367,3.1881876620366727,3.9609363240052264,2.191949304995292,0.0
3.4153957833645316,3.6114338728564856,1.1078931391056606,3.678853502507455,1.9272359150711031,3.8841787630725784,3.37671951619523,2.6608639643378256,2.758040204728491,2.0812522002338696,1.5022082807750383,0.0
3.4334081254860425,3.6426435757101534,1.0582643787452168,3.648897497917399,1.946182912198775,3.8099691781061216,3.1528828967607563,2.688603309878357,3.1533828311800702,2.1007900875959034,1.546119212838173,0.0
1.9262894877474828,1.494570990300474,5.022069628454709,3.609850237630978,1.0806653027363275,2.8584402005877516,2.5556899920541483,2.851253605203161,4.506950420294314,2.998918816378075,3.615428398137915,0.0
1.8961759369316808,1.8695055684749275,3.583730931508179,4.130989128634796,2.786649352651505,4.671920764426288,3.172839109858063,1.8562647115811424,4.970462525468335,1.5119899547885438,2.856983331169573,0.0
3.4407987098788166,3.4657249137312633,0.7205028545302217,3.4217077300478147,2.358932882185002,3.889533801741863,2.437180272039052,1.631771497183461,3.639475784691197,2.3483607162480644,3.2189376434441126,0.0
2.974374938875001,2.8975644338311195,1.6878174422363577,2.663641048598122,1.7012543750918223,2.5948267900991286,5.1390159811932845,1.8122496196564224,3.387187380387477,4.899883566741339,3.3062885979745187,0.0
2.473331888821528,2.087556227860479,3.4285457792296152,1.6445034495191972,0.8361988435379503,2.6228268838148106,2.12325662437028,4.194238947997953,3.472034138672733,1.6455775440904874,3.2461588863273323,0.0
1.8853759640957792,3.631863222256179,3.626024487113769,2.3713583590511633,2.8883741784664196,3.0267117198504994,2.230484668993828,0.7129195462398589,0.9521165068351474,2.973707291336723,1.7288207716344488,0.0
2.35373749913704,1.7691583978159564,4.955282652714539,3.549435827038515,1.4633330988190087,4.661870597728038,4.736383464166131,2.3220720351354243,3.856684018023814,2.770579793952075,3.5587941921689468,0.0
3.098484201555442,3.825314273270249,4.626848280711664,1.0182197181227255,2.4448933786897737,3.594998151750698,3.732958158561399,3.609079727381363,4.133611812673509,1.835839174876312,2.8367815682772566,0.0
2.0539633769732246,1.9082821073528575,2.223817290883117,4.94424270573951,3.537656026056677,2.684693216932221,5.027929125939605,2.465718449621421,4.54347241031498,2.4254517491643934,2.9205005399954573,0.0
3.4220124655989683,0.933615936729706,3.4867403637988668,3.3546506807905985,1.8438676257207725,3.381363649352242,1.3445621733384987,1.9138014617815915,2.5237201925998765,3.77150570185087,4.340859104835451,0.0
2.481033045827692,3.4159303761899875,3.9412942773435136,1.3652720999581875,2.656097158291963,3.54487258560703,4.200199853192734,1.0879860485296455,2.4083864168951425,1.3688995500975427,4.711111708054168,0.0
1.841999100475602,2.119919007315303,2.670923451919448,2.4169617110101265,1.906692522723051,3.187752142978746,2.142134048977275,3.764952419999956,2.2332833225794517,0.5397503964824768,1.9242996074903187,0.0
2.2187618810859027,2.38223239480161,3.638010874157859,2.1549174918411267,0.360347691848785,3.4161476534337782,2.9896862740027226,1.5912454346678884,1.3095134589408484,4.166453701962671,2.8054850084924574,0.0
3.609661862322154,0.6094688060623396,2.9297101109060284,2.640966894545153,3.296212554551156,4.107430566157675,3.8971450353328425,2.046681435932621,3.325838862586086,4.9324783619976955,4.005775206892136,0.0
2.153478421698697,3.5771062149323214,1.6817011304598422,4.0156395784438175,1.2193412824195804,2.2161018228856286,1.8212903323120764,1.6729194620404773,3.350368039155196,3.1087592183495585,2.0398519216346114,0.0
1.9746167658264464,3.710097375975493,2.4312853921409756,4.126728563559741,0.8981331663130696,2.6470039846788938,2.947664108319875,1.975319476626532,2.201440388598531,3.5631265867110553,1.2306117566690615,0.0
0.5903032247989574,4.372364399678267,4.230787444469115,2.730458239061623,3.3157100186347495,3.493717030007068,2.3685670679781676,3.222928306799714,1.886238786497949,2.4475370319143015,3.308051722289578,0.0
0.4103937433482786,3.1964434848496013,3.065326680372518,3.1588333623478317,2.031363614109023,4.074507575000742,2.0837181762381185,3.640855241077988,2.5725869234066914,2.423614833177929,3.4881083865904263,0.0
0.6000490396790993,4.48249333583913,4.2579926564852455,2.675013802785276,3.297947776114301,3.3891448930762147,2.016654653804665,3.359589745512033,2.684734614030468,2.5946088130534206,3.253240456166237,0.0
0.63289762644648,4.422856422656423,4.099914240257033,2.6694293366447264,3.3675180722191245,3.3343361017172173,1.896953622702937,3.2581113107759245,2.674971395724812,2.4596138047724883,3.4315318693244374,0.0
0.320114510440582,3.2964349908126143,3.4627279559439277,3.2010751924297476,1.8593619657668736,4.2692965007867185,2.5708970637245185,3.836368451641632,2.198723377197223,2.7010659636145555,3.05195634613315,0.0
0.1182549121712243,2.4370879873850133,2.678751395269209,2.6220373254322915,3.0669949358623803,3.2610971599355625,3.2791334257842917,4.131072342409783,2.437743558197473,3.653777961519862,3.1409898138910157,0.0
0.4021272160813976,3.2753627182031164,3.1421606528718686,3.133344930665878,1.9946543744068692,4.044145023078913,1.9556423815920585,3.74977733432859,2.975740124495213,2.5511487270598607,3.389386188265476,0.0
0.1708126508714695,2.3416689265242754,2.4258259299179463,2.6131021796290996,3.1783074093599306,3.17340309397401,3.087611776486372,3.968706847226089,2.422122408946337,3.437785948794607,3.4262560742517616,0.0
0.1165581022578192,2.5040798381019864,2.723969684522917,2.595432000522227,3.044199755381191,3.219772849741935,3.127117424917886,4.219698748713164,2.8389441156248636,3.754312853745607,3.0779258981977056,0.0
0.0854063254676253,2.496724900451923,2.8368298111904826,2.6276217915619977,2.9974246398926403,3.315905951188138,3.398834456653598,4.232550776948852,2.4475067764841714,3.788772969538674,2.962698401079003,0.0
0.2938356410904594,3.344144521242983,3.589190688619559,3.205542765331343,1.803705729018099,4.313143533767494,2.666657888373478,3.917551199233479,2.206533951822791,2.809061969977183,2.909323215952777,0.0
0.3809387764077082,3.122096696598362,3.132968518093315,3.2176284783085096,2.0073836789665775,4.2119649867469935,2.5074512090726584,3.565080863207335,1.7799490268575655,2.357540057007369,3.4359448048188463,0.0
0.1133820047311531,2.382023519304582,2.665148789261143,2.6497595435704655,3.0758760571226045,3.313383228400989,3.4550896328710436,4.062741623053624,2.0384956444312134,3.580242070950302,3.168395446952686,0.0
0.3940782111146609,3.09824193132528,3.0697371516020295,3.2153946918522904,2.035211797408507,4.190041470203394,2.4595707966319673,3.524489489312891,1.7760437395353033,2.303542053694996,3.507261370082127,0.0
0.1068122873776773,2.3939509019411234,2.696764472506786,2.6508764367985753,3.0619619979016397,3.3243449866727888,3.479029839091389,4.0830373100008455,2.0404482880923447,3.607241072606488,3.1327371643210458,0.0
0.624848621415961,4.245735635894383,4.027490739294133,2.751479097841982,3.4080754950856784,3.4802325489481203,2.4008820379752676,3.0328234659572644,1.4752750107838597,2.212007131669742,3.549407050794901,0.0
0.4072176458216131,3.074387166052197,3.006505785110744,3.21316090539607,2.063039915850436,4.168117953659796,2.411690384191276,3.4838981154184485,1.772138452213041,2.2495440503826236,3.578577935345406,0.0
0.6246310991881295,4.501775656106339,4.176748212780198,2.643940904914239,3.3308088325014222,3.303973549703852,1.7688778277488293,3.367033404146154,3.078124597512298,2.58714769878316,3.332809670951508,0.0
0.6049219471277015,4.537557804015963,4.271595262517126,2.6472915845985683,3.2890666548385283,3.33685882451925,1.840698446409866,3.427920464987819,3.083982528495692,2.668144703751719,3.2258348230565876,0.0
0.5852127951310547,4.573339951809791,4.366442311947114,2.6506422642720544,3.2473244773107184,3.3697440992282264,1.9125190648384809,3.488807525632444,3.0898404594601288,2.74914170845816,3.1188599755078545,0.0
0.6445577734763894,4.20995348798476,3.932643689557204,2.748128418157653,3.4498176727485723,3.4473472741327216,2.329061419314231,2.9719364051155996,1.4694170798004658,2.131010126701183,3.656381898689821,0.0
0.513163426598213,4.448501140368196,4.5649573535492385,2.770466282687319,3.17153648873453,3.666582439249446,2.807865543023876,3.3778501434689137,1.5084699529662189,2.670990159038556,2.943216247095582,0.0
0.3818739091761233,3.524944778887207,3.478426567040038,2.152537265292277,4.5094289295092915,2.4964794474277117,3.100743636258287,3.537927884515087,2.1272116111593298,3.4272480314757936,3.361426907415803,0.0
1.1472312509254543,4.73143602573924,3.726162567476685,2.513562446101686,3.876597155666029,4.860328952592734,3.2864362052876603,2.710669342870933,3.200969655217525,2.1548934364900925,3.684921872378144,0.0
0.5392247737205041,4.656831630149783,4.587752094359673,2.65846051685798,3.1499260628990493,3.4464764070244023,2.080100508148478,3.6308773340659566,3.1035089650690906,2.938134719789346,2.869251997432562,0.0
0.1479274013421855,2.2553947554532177,2.461852084069491,2.670780402384797,3.1682415335844167,3.2998987474061168,3.4874046030837764,3.872636782127436,1.6275318682278486,3.3447121706156246,3.409750775491594,0.0
1.16206749548203,4.640589409864981,3.6177129120386304,2.537933984566374,3.927220454454063,4.879729746349184,3.390571793945798,2.5814515628701487,2.795863810486829,2.0003605412140923,3.819302352988548,0.0
0.0262788693501226,2.6040713440649985,3.121370960094327,2.6376738306041427,2.8721981070390417,3.414561775527912,3.6142963124042864,4.415211959276807,2.4650805694153957,4.031763984182233,2.64177385774043,0.0
0.3981894414097416,3.623146332411529,3.4740160958105273,2.09597593578782,4.505580746209808,2.3809455522250587,2.7248910158644386,3.654293636280184,2.9237547950307174,3.547320810958726,3.3422739239241026,0.0
0.1394433518534442,2.5903540090861683,2.687943530071578,2.537753777741126,3.0542656312871235,3.093277196175945,2.7273245979956444,4.315768813650665,3.633534656534085,3.847386631701092,3.094431197289666,0.0
1.1389647236585732,4.810355259092754,3.802996539976036,2.4880740144197317,3.839887915963875,4.829966400670906,3.158360410641601,2.819591436121536,3.6041228563060472,2.282427330372025,3.5861996740531943,0.0
1.119255571598145,4.846137407002378,3.897843589712964,2.491424694104061,3.79814573830098,4.862851675486304,3.230181029302637,2.880478496963201,3.609980787289441,2.3634243353405844,3.479224826158274,0.0
0.3770010017360521,3.469880310806775,3.464823961031973,2.1802594834304516,4.518310050769516,2.548765515893139,3.276699843345039,3.4695971651589277,1.7279636973930703,3.3537121409062345,3.3888325404774733,0.0
0.9697062167840226,3.372136055916437,4.87467071343924,4.40379685666416,4.080200143144258,3.4405122742981775,1.8405732609526668,3.1129294196212056,2.9517566247567775,2.623724286007098,3.695527755152431,0.0
0.649213158624847,4.521057976392943,4.095503769358275,2.6128680071025787,3.3636698887690084,3.218802206529448,1.5211010022334637,3.3744770628576872,3.471514580314122,2.579686584646278,3.4123788854385704,0.0
1.1243460013383602,4.64516185485146,3.762188721951839,2.5712406688342537,3.866531279744548,4.986824606067187,3.686229031901855,2.614599278053058,2.4063791150072684,2.061819658663347,3.6684165732382046,0.0
0.2840898262043458,3.234015585014639,3.5619854765867585,3.2609872016416652,1.8214679715494313,4.4177156707624246,3.018570302762614,3.7808897604374208,1.408038123800997,2.661990188747946,2.964134482109703,0.0
0.6396848660303466,4.154889019836847,3.919041083532469,2.7758506363298,3.4586987940196807,3.4996333426622246,2.5050176266166155,2.9036056856757018,1.0701691655449308,2.057474236041506,3.683787531785077,0.0
0.992808988607479,3.2023702066886637,4.689387085501835,4.453656826810802,4.1675326816344445,3.4902756199764555,2.0727846442568643,2.8747895463698185,2.1434975789375597,2.341657496849166,3.928630434087784,0.0
0.319352833295592,3.766274923818432,3.85340429414436,2.109378654503451,4.338612035828398,2.5124866512738087,3.012173490043742,3.897841879252765,2.9471865189263777,3.8713088303087257,2.9143745330367965,0.0
0.6462545833838229,4.142961637200306,3.887425400286826,2.7747337431016903,3.4726128532406455,3.4886715843904255,2.48107742039627,2.88330999872848,1.0682165218837998,2.03047523438532,3.719445814416716,0.0
0.8959600384100882,3.314289095172421,5.118404044011948,4.497015550109984,3.9816169742064154,3.6960263039278103,2.583903737731187,3.090598443683644,1.771586676370266,2.646107628679861,3.4568201113450545,0.0
0.385594161619948,3.4332011848907498,3.295828597587447,3.0823680672425926,1.9212358951220976,3.9834199190372983,1.6994907917594684,3.9676215207523833,3.782046527352264,2.8062165146903464,3.191941791913783,0.0
1.0059484233144314,3.1785154414155805,4.62615571901055,4.451423040354581,4.195360800076375,3.4683521034328564,2.024904231816173,2.834198172475375,2.139592291615297,2.2876594935367938,3.999946999351064,0.0
0.0,2.6517808744953677,3.2478336927699583,2.6421414035057382,2.8165418702902665,3.4584088085086875,3.7100571370532456,4.496394706868655,2.472891144040964,4.13975999054486,2.499140727560057,0.0
0.8351357724429617,3.488627389386673,5.448163481862561,4.480462264231221,3.833595261006711,3.7533578179675344,2.6473495923830472,3.3618860321179405,2.1903610267099234,2.9896335352870476,3.072831652659359,0.0
0.9682269291707616,3.183087886402059,4.770631528923758,4.484729724622462,4.13467162536686,3.5754469631508594,2.3205614697722305,2.867345887658285,1.7501075961357369,2.349118610986048,3.8490612196007215,0.0
0.9285911028858554,3.510692202317466,5.109583101576741,4.383892891052534,3.973920607591899,3.4649585134309655,1.8321984966354428,3.3233299473334643,3.364673044812006,2.886253187774465,3.418514144313675,0.0
0.9680094069429304,3.439127906614014,4.919889002409823,4.377191531694718,4.057404962782603,3.399187963906591,1.6885572595457916,3.2015558258471746,3.352957182864176,2.7242591780994654,3.632463839757329,0.0
0.954182334704042,3.5793698762994546,2.6239331701783133,2.944171355854958,2.5644226325632884,5.463043014236427,3.0494677262207253,3.1691876512406902,3.8912230794674865,2.1849692413282105,3.793661971069526,0.0
1.5314603486816054,5.648841888427777,3.0689810441282344,3.8747809923436622,3.452831915227733,3.796129402683882,4.185513033486016,3.0328628489742218,2.9283493425647076,2.108182118952495,3.738974827885247,0.0
1.5314603486816054,5.648841888427777,3.0689810441282344,3.8747809923436622,3.452831915227733,3.796129402683882,4.185513033486016,3.0328628489742218,2.9283493425647076,2.108182118952495,3.738974827885247,0.0
0.4030623488583433,3.678210800588362,3.4876187018424067,2.0682537176011127,4.496699624934035,2.3286594836680945,2.5489348084696397,3.72262435575597,3.323002709495942,3.620856701657024,3.314868290814454,0.0
0.4951510845089996,4.41729143737757,4.614586113708849,2.800422287304843,3.152589491698793,3.7407920242161263,3.0317021625345295,3.3501107977264195,1.1131273260139891,2.651452271429133,2.8993053152737445,0.0
0.9747966465242376,3.171160503765518,4.739015845678116,4.4836128313943515,4.148585684587824,3.56448520487906,2.296621263551885,2.847050200711063,1.7481549524746058,2.3221196093298615,3.884719502232361,0.0
0.3636440448012685,3.7497750962918137,3.677312801009323,2.074955076958928,4.413215269743331,2.3944300331924695,2.6925760455592913,3.844398477242261,3.3347185714437715,3.7828507113320247,3.1009185953708007,0.0
1.351629741487255,4.165306430258859,3.810611392067299,2.2136941995986676,3.8639229343927233,3.528144985389207,1.1628666278930313,4.015397215747267,2.8549025898635123,2.3204625764239877,4.008897411584029,0.0
1.124128479046747,4.901201875179211,3.911446195744844,2.463702475917354,3.789264617025208,4.81056560692934,3.0542248219078387,2.9488092164389874,4.009228701754664,2.436960226038883,3.4518191930486246,0.0
0.7554688609527027,2.066803884756101,3.7632491810553743,4.918689314049219,2.780754924736309,4.21104629950353,2.155413609133909,3.3867512566726674,2.446218951350135,2.460191420530607,3.8508264707433697,0.0
0.7554688609527027,2.066803884756101,3.7632491810553743,4.918689314049219,2.780754924736309,4.21104629950353,2.155413609133909,3.3867512566726674,2.446218951350135,2.460191420530607,3.8508264707433697,0.0
0.8268692451760807,3.567546622740187,5.524997454361913,4.454973832549267,3.796886021304558,3.722995266045707,2.519273797736987,3.470808125368543,2.5935142277984453,3.1171674291689797,2.974109454334409,0.0
0.067176461092771,2.7215552178565297,3.035716045159768,2.550039603228647,2.9012109801266797,3.2138565369528957,2.990666865954602,4.539021369676026,3.6550137367686135,4.144375649394906,2.7021900890339996,0.0
0.586600515239648,2.8291592688078233,2.52630950490142,2.4739886874751766,3.4786756048976155,4.863822318607254,4.836197451679013,3.725700182938304,2.9774103232991473,3.5380506045686517,3.1447718388694295,0.0
0.8550924197483998,3.972080528274651,3.339587282373376,1.9767664091861457,4.912228477419386,4.046918537527555,4.481851454833834,3.200886444202728,3.066126290008307,3.385056564832025,3.3378032996787343,0.0
1.0745573704067288,5.299907692448857,3.2034098572584457,3.9939905189344937,3.0461841841532378,2.1301564172749643,2.4285525942841977,3.486270040854638,2.785977847568161,2.2704463648170776,3.7434454524768017,0.0
0.1036361898424801,2.271894583047317,2.6379435772211974,2.705203979895347,3.093638299658601,3.4179553654233805,3.8070020473525927,3.9260801842216777,1.2399998161997297,3.433170289682444,3.223206713124005,0.0
0.4353543505121207,1.4221497684388549,3.548354917881405,4.359755525125211,3.7379348292597023,3.400158607225499,3.2945736824626364,4.04677751189969,2.7203867181938755,3.898885447460912,3.298010852170276,0.0
1.566319684658753,3.3236098361283832,2.736442068458747,2.5872393784329617,2.892674029844854,5.9671747188821636,3.1784122393666925,4.005621014693913,2.9007475428074097,2.2031963635425464,3.954028456757709,0.0
0.0165330544640085,2.4939424078366548,3.094165748061526,2.693118266914464,2.8899603495703743,3.5191339125228422,3.966208726793422,4.27855052048075,1.6665847413936017,3.884692202952997,2.6965851238973557,0.0
0.0163155322336182,2.7499824280196896,3.2434232215404473,2.585580074001281,2.812693686990783,3.342874913306035,3.334204516659397,4.612760458633751,3.269434327912351,4.259832770027794,2.479987744068356,0.0
0.6520501934018357,2.1906501558763996,4.22388182281113,4.963164930576511,2.580925158087314,4.4277587417266835,2.6904729088285775,3.622855840933714,2.076260692443973,2.7916405540174876,3.3433578653690006,0.0
1.4657631752744078,5.768115714561597,3.385137875970782,3.885949924603074,3.3136913232882534,3.905746985189034,4.424915095224627,3.235819718052359,2.9478757791381054,2.378172134990122,3.3823920022612204,0.0
0.8081692655694341,3.6527241243258,3.2154390158392117,3.0496758747883033,2.3127848124650026,5.8391363846430115,4.056140470958201,3.3701092313284873,2.7325322113155046,2.5043416016947866,3.162713219006484,0.0
0.5256335834198173,1.322158262475842,3.1509536423099953,4.317513695043296,3.909936477601852,3.2053696814395227,2.807394794976237,3.851264301336047,3.0942502644033425,3.621434317024285,3.734162892627552,0.0
1.1129033765388414,4.602024769340089,3.7802017991727457,2.6000797802345113,3.8614983417946913,5.0500724328684905,3.886125445424585,2.5665642455603814,2.009083844412866,2.0152827696598563,3.6601639237018206,0.0
1.0071633870946572,5.4861733693960515,3.564784978378516,3.978554126235309,2.8842484117170213,2.198449689494951,2.515938654848356,3.7778533163557833,3.2067048422679143,2.6409712732091895,3.3237987111114866,0.0
1.0400119737982556,5.426536456329141,3.4067065624572423,3.972969660105602,2.9538187076867612,2.143640898242375,2.396237623979051,3.676374881816715,3.196941623981215,2.5059762651903763,3.5020901239235,0.0
0.8094590857247868,4.0230027315480825,2.2996955012790736,4.544423447043653,1.658221672593845,3.0297088187419186,3.0869305928621884,3.833830966983452,1.8948607660042205,2.222370620102212,3.676541823054119,0.0
1.046581691151732,5.4146090736926,3.3750908792115997,3.971852766877492,2.9677327669077256,2.1326791399705756,2.372297417758705,3.6560791948694935,3.194988980320084,2.4789772635341896,3.5377484065551403,0.0
0.7121127822239716,2.4861517946679657,4.284798723160949,3.888021678528976,5.208196941348542,2.61361737817405,3.0683034804959406,3.413041680110551,2.40594948383347,3.618357514104472,3.589764510958344,0.0
0.9966452809822784,3.4949725399117892,2.885412550128006,3.284220653142541,1.817386695533474,4.545254130150082,1.6689391211187687,2.868902051556638,2.068901755086559,4.4934645610650445,2.385485976411896,0.0
0.6775673856069677,2.612780558451848,4.488095428335931,3.867000819748619,5.115831464897614,2.6271018592329987,3.0359885104988407,3.603146520953001,2.816913259547559,3.8538874143490305,3.3484091824530204,0.0
1.2322885987236498,4.697530712561324,3.8567687438281744,2.7925828409940587,3.181369271950422,3.783159140429381,1.434294155375318,2.4455667475571707,2.1673809401013746,4.475465529609348,2.4002260240630005,0.0
1.0597211257949024,5.390754308535313,3.3118595130272532,3.969618980432116,2.995560885214571,2.1107556235333984,2.3244170055504356,3.6154878211720898,3.1910836930167785,2.4249792604839353,3.609064971472233,0.0
1.220156725497578,4.150953450658982,4.88437058736276,2.0389328455818676,2.299687821633766,3.063726459829921,2.829677852591752,3.406631302793979,1.9233405732788076,3.278758504477369,4.783444465484386,0.0
1.566005745298609,5.522213124643893,2.865684338953252,3.895801851124021,3.5451973916786605,3.782644921624934,4.217828003483116,2.8427580081317716,2.5173855668506184,1.8726522187079355,3.9803301563905698,0.0
1.1588913979493922,4.518533091000096,3.5588920167601863,2.5922615276485854,3.95889675620636,4.973340125072315,3.718544002114588,2.42449443712687,1.995415338803904,1.8262897583286697,3.909771901777113,0.0
1.467459985187813,5.701123863844625,3.339919586717073,3.912555249513139,3.3364865037694424,3.947071295382661,4.576931096091033,3.1471933117489783,2.5466752217107156,2.277637242764376,3.44545591795453,0.0
0.809104398337849,4.055572206614644,3.5608970647859355,1.9845846617720708,4.814830063007716,4.12365084532373,4.649432898143831,3.34295625263624,3.0797947956172687,3.574049576163212,3.088195321603441,0.0
1.039702883993444,3.749347624044147,1.6117920446652565,3.76971075839866,3.1623746547924685,3.5963948074277754,5.167900009953177,4.001893945425955,3.4857120452476256,3.3954200535266135,3.464938071591765,0.0
0.7564039937211173,2.4696519670449453,4.108707230002097,3.853598101032987,5.282800175279023,2.495560760184248,2.748706036319538,3.3595982779804197,2.7934815356518987,3.5298993949990307,3.776308573340327,0.0
1.3581205845206212,4.460993591078367,1.8719045970929349,4.3020392224126045,2.1823995697878864,4.3659581895121775,3.876723935758043,3.4304940965023136,3.612744835831275,2.057260918822054,3.954689774471548,0.0
1.2899367671641102,4.401136099549668,3.4681884107157868,2.8634636699210594,3.3610672868915388,3.81943800504871,1.6988205086766153,2.0173220334633335,0.9481581185680672,3.957868840206858,2.8746840315036772,0.0
1.3871908910656063,3.792634547483011,4.929935999169005,4.2912886894203,4.40336351916313,5.1722558091250495,3.741174937011714,2.7812963490300397,3.105843981682197,2.6234540495553973,3.4771074354634086,0.0
1.2695381615901111,4.4939932462086105,2.224087583103697,4.370886377393741,2.03319310206201,4.60207142538536,4.515918823878426,3.537380900565536,2.8376807321754605,2.2341771567708166,3.5816016500537686,0.0
1.2695381615901111,4.4939932462086105,2.224087583103697,4.370886377393741,2.03319310206201,4.60207142538536,4.515918823878426,3.537380900565536,2.8376807321754605,2.2341771567708166,3.5816016500537686,0.0
0.9597428796760492,3.5180471399675293,4.996722974909175,4.351703100012764,4.02069572308045,3.3688254119847625,1.5604814648997314,3.3104779190977767,3.7561103839526977,2.851793071981397,3.5337416414323783,0.0
2.0118449797868014,4.265642425737311,3.237706457457074,2.3534009898644523,3.825795847474356,3.9196365100467614,0.6367613059891777,2.9315650637775508,1.9285377831824952,3.992788394262804,3.3615800254024544,0.0
0.7203793094908528,2.407232561314451,4.207964750661598,3.913510110210931,5.2449061810506965,2.643979930095878,3.1963792751420006,3.304119586859948,2.002796282744948,3.49082362022254,3.6884867092832936,0.0
1.5395093536568736,5.825962675402013,3.141404545421888,3.792731231108718,3.4122744922105466,3.6502329554678634,3.6815846181380594,3.2581506941095477,4.128045728223582,2.355788792446099,3.621099646020616,0.0
0.9764934564316708,3.104168652981064,4.693797556407737,4.510218156338389,4.171380865079898,3.6058095151367633,2.448637264633924,2.7584237943239436,1.3469543945579396,2.221584717013998,3.9477834179592577,0.0
2.183409059722802,5.828097117356145,2.572910082041174,3.98899935087896,3.377995588591663,4.157258375328071,3.5313319166280546,2.0579527903747343,2.4051377376711778,3.908041830801982,2.992935243330743,0.0
1.5988543320022075,5.462576211576984,2.707605923031978,3.890217384994316,3.614767687648401,3.727836130372358,4.09812697261381,2.741279573592703,2.507622348563919,1.7376572106891222,4.158621569202583,0.0
1.5988543320022075,5.462576211576984,2.707605923031978,3.890217384994316,3.614767687648401,3.727836130372358,4.09812697261381,2.741279573592703,2.507622348563919,1.7376572106891222,4.158621569202583,0.0
1.374051456358654,3.8164893127560937,4.99316736566029,4.293522475876521,4.375535400721202,5.194179325668648,3.7890553494524046,2.821887722924483,3.1097492690044595,2.6774520528677703,3.4057908702001294,0.0
0.94146621368746,5.605447195529872,3.880941810221063,3.98972305849472,2.7451078197775423,2.3080672720001023,2.755340716586967,3.9808101854339215,3.226231278841313,2.9109612892468166,2.9672158854874597,0.0
0.2604428994722612,3.617581347132676,3.9886879692623434,2.226968886447936,4.290652165689475,2.7874014747239686,3.859639555696031,3.746293123230679,1.361910725319895,3.739159277615371,2.81004736987341,0.0
1.4874334610898077,3.546731957565308,4.410482462151476,4.3011406159412475,4.634869587553538,5.049153745560949,3.5340878452702027,2.388234639109453,2.67535376939471,2.1179341332732116,4.075045589592758,0.0
2.9513052937645763,5.609111765300194,2.121118346393716,3.471118418187894,3.940122563570601,4.180724572438411,2.3016912703225723,2.830126012375066,3.371848897375609,3.753968373655482,3.729439215256834,0.0
1.168419690543893,4.884702047556192,3.7353547025859934,2.4292788984213645,3.863867850955688,4.692508988939538,2.734627377731436,2.895365814308856,4.396760753573093,2.3485021069334424,3.6383632554306073,0.0
0.7128744593629902,2.0163118615946667,3.8941223849438473,4.979718216489247,2.728946871297902,4.370427227751035,2.62702705439235,3.3515682524156785,1.6574863416150398,2.4481146473201836,3.7273463240882823,0.0
0.6627311410503921,2.7036271743261073,4.596545083773986,3.842629281283931,5.06520816610958,2.607701065476548,2.931852921840703,3.7323643009537855,3.222019104278255,4.0084203096250315,3.214028701842617,0.0
0.6471772859557928,2.135585687728487,4.210279216786395,4.990887148748659,2.5898062793584224,4.480044810256187,2.8664291161309623,3.554525121493816,1.677012778188438,2.7181046633578108,3.3707634984642567,0.0
0.9863819371704896,4.895636889755641,4.426118068882577,2.5946954265811875,3.5743360366446244,5.217021529349289,4.188973361599423,3.040808703156555,2.447384631815196,2.6287986923947875,2.919592639358512,0.0
0.2225038830982007,3.878193812302189,4.282421252654473,2.1527373778026333,4.152696328400369,2.718237335225164,3.523292583518064,4.1136507765665895,2.575275616359084,4.175758962139421,2.442564210294068,0.0
1.5020053817988448,5.57449509999326,3.136622881525421,3.9335761083274705,3.4288519802312543,3.9335868143877897,4.609246066303766,2.95708847082279,2.13571144550735,2.0421073424296994,3.686811246493439,0.0
6.145402102385172,3.547683062647538,3.7772480089488583,3.945064929092984,3.3532972680835957,3.206832525154597,3.2238926500914635,3.2650724316107107,2.890628087619319,3.1096020991434035,3.3869410021500213,3.141592654
6.140529194945101,3.4926185945671064,3.763645402940793,3.9727871472311582,3.3621783893438204,3.259118593620024,3.3998488571782146,3.196741712254551,2.491380173853059,3.036066208573844,3.4143466352116913,3.141592654
6.153668629652052,3.4687638292940237,3.7004140364495073,3.9705533607749377,3.39000650778575,3.237195077076425,3.351968444737524,3.1561503383601086,2.487474886530797,2.9820682052614713,3.4856632004749715,3.141592654
6.153668629652052,3.4687638292940237,3.7004140364495073,3.9705533607749377,3.39000650778575,3.237195077076425,3.351968444737524,3.1561503383601086,2.487474886530797,2.9820682052614713,3.4856632004749715,3.141592654
6.160238346941747,3.4568364467732784,3.668798353510805,3.969436467557672,3.4039205668716304,3.2262333189110475,3.3280282387496003,3.135854651609926,2.485522242888623,2.955069203867404,3.521321482760425,3.141592654
6.160238346941747,3.4568364467732784,3.668798353510805,3.969436467557672,3.4039205668716304,3.2262333189110475,3.3280282387496003,3.135854651609926,2.485522242888623,2.955069203867404,3.521321482760425,3.141592654
6.179947499002174,3.421054298863655,3.5739513037738764,3.966085787873342,3.4456627445345243,3.193348044095649,3.256207620088563,3.0749675907682605,2.479664311905229,2.874072198898844,3.628296330655344,3.141592654
6.09454117353455,3.576110272907099,3.984955185353352,3.980605399817083,3.264779974932151,3.3358509014161988,3.5674303004882115,3.338811520688063,2.505048679462021,3.22505921990503,3.164738657136399,3.141592654
6.081401738891379,3.599965038064385,4.048186551537698,3.98283918626246,3.2369518566253057,3.3577744178533764,3.61531071269648,3.379402894385467,2.508953966765326,3.279057222955285,3.0934220922193054,3.141592654
6.199656651024335,3.385272151023509,3.479104254221112,3.962735108195518,3.4874049221163688,3.1604627693441043,3.18438700156698,3.01408053004482,2.4738063809332096,2.793075194087556,3.735271178342552,3.141592654
6.206226368365054,3.3733447684101265,3.447488571036857,3.961618214969578,3.501318981310316,3.1495010110935886,3.1604467953931192,2.9937848431370058,2.47185373727587,2.7660761924837933,3.770929460904955,3.141592654
6.206226368365054,3.3733447684101265,3.447488571036857,3.961618214969578,3.501318981310316,3.1495010110935886,3.1604467953931192,2.9937848431370058,2.47185373727587,2.7660761924837933,3.770929460904955,3.141592654
6.224238710492942,3.404554471252215,3.3978598106457194,3.931662210378437,3.520265978451496,3.0752914261164888,2.936610175935403,3.0215241886578337,2.8671963637255535,2.785614079819615,3.814840393002709,3.141592654
6.061692586830952,3.63574718597401,4.143033601274626,3.98618986594679,3.1952096789624114,3.390659692668774,3.687131331357518,3.4402899552271315,2.5148118977487197,3.360054227923844,2.9864472443243852,3.141592654
6.061692586830952,3.63574718597401,4.143033601274626,3.98618986594679,3.1952096789624114,3.390659692668774,3.687131331357518,3.4402899552271315,2.5148118977487197,3.360054227923844,2.9864472443243852,3.141592654
6.061692586830952,3.63574718597401,4.143033601274626,3.98618986594679,3.1952096789624114,3.390659692668774,3.687131331357518,3.4402899552271315,2.5148118977487197,3.360054227923844,2.9864472443243852,3.141592654
6.219365803052871,3.349490003171783,3.384257204637654,3.959384428516611,3.52914709971172,3.127577494581916,3.1125663830221546,2.9531934693016746,2.4679484499592945,2.7120781892500556,3.84224602606438,3.141592654
6.219365803052871,3.349490003171783,3.384257204637654,3.959384428516611,3.52914709971172,3.127577494581916,3.1125663830221546,2.9531934693016746,2.4679484499592945,2.7120781892500556,3.84224602606438,3.141592654
6.225935520393592,3.3375626205584012,3.352641521453399,3.9582675352906698,3.5430611589056684,3.116615736331401,3.088626176848294,2.932897782393861,2.4659958063019545,2.685079187646293,3.8779043086267815,3.141592654
6.225935520393592,3.3375626205584012,3.352641521453399,3.9582675352906698,3.5430611589056684,3.116615736331401,3.088626176848294,2.932897782393861,2.4659958063019545,2.685079187646293,3.8779043086267815,3.141592654
6.225935520393592,3.3375626205584012,3.352641521453399,3.9582675352906698,3.5430611589056684,3.116615736331401,3.088626176848294,2.932897782393861,2.4659958063019545,2.685079187646293,3.8779043086267815,3.141592654
6.053426059564071,3.714666419327523,4.219867573773977,3.9607014342648346,3.1585004392602576,3.360297140746946,3.559055536711458,3.5492120484777345,2.9179650988372416,3.487588121805776,2.8877250459994355,3.141592654
6.232505237734311,3.3256352379450185,3.321025838269144,3.957150642064729,3.556975218099616,3.105653978080886,3.0646859706744323,2.9126020954860468,2.464043162644615,2.6580801860425303,3.913562591189185,3.141592654
6.232505237734311,3.3256352379450185,3.321025838269144,3.957150642064729,3.556975218099616,3.105653978080886,3.0646859706744323,2.9126020954860468,2.464043162644615,2.6580801860425303,3.913562591189185,3.141592654
6.243947862521481,3.3687723234004885,3.3030127610622606,3.9283115306995295,3.5620081560468484,3.0424061513543017,2.8647895573905777,2.960637127914689,2.8613384327516385,2.7046170749821155,3.921815240724535,3.141592654
6.243947862521481,3.3687723234004885,3.3030127610622606,3.9283115306995295,3.5620081560468484,3.0424061513543017,2.8647895573905777,2.960637127914689,2.8613384327516385,2.7046170749821155,3.921815240724535,3.141592654
6.23907495508141,3.3137078553200574,3.289410155054196,3.956033748837702,3.570889277307073,3.0946922198197284,3.040745764477329,2.892306408558529,2.462090518985379,2.6310811844125563,3.9492208737862056,3.141592654
6.187996503977444,3.5981750858378927,3.64637480506753,3.884036026638396,3.4051053215173384,3.0474515968796307,2.7522792047406077,3.300255435903588,3.679360697564104,3.121678872392448,3.5104211487907144,3.141592654
6.245644672422128,3.3017804727066755,3.257794471869941,3.954916855611762,3.584803336501021,3.083730461569213,3.0168055583034676,2.8720107216507156,2.46013787532804,2.6040821828087934,3.984879156348608,3.141592654
6.11572961321677,3.729376294608254,3.994147320155721,3.896321852125918,3.252050670356895,3.1680309376565816,3.0156214726995647,3.523507991928946,3.700839777798632,3.4186678900862613,3.118180040535049,3.141592654
5.492367160740991,3.6859592290424223,3.750394025411941,4.38963113383435,2.996032997793403,2.903406058917845,3.7185775829244374,2.3048296577399685,2.6911704576118725,2.9787633116616523,3.16615828536262,3.141592654
6.252214389762848,3.2898530900932936,3.2261787886856856,3.953799962385821,3.5987173956949685,3.072768703318698,2.9928653521296065,2.8517150347429014,2.4581852316707,2.5770831812050305,4.020537438911011,3.141592654
6.252214389762848,3.2898530900932936,3.2261787886856856,3.953799962385821,3.5987173956949685,3.072768703318698,2.9928653521296065,2.8517150347429014,2.4581852316707,2.5770831812050305,4.020537438911011,3.141592654
5.518646030110249,3.6382496985773143,3.623931292644228,4.385163560929501,3.051689234582703,2.859559025905143,3.6228167582057513,2.2236469100890095,2.6833598829806173,2.8707673052203897,3.308791415646849,3.141592654
6.137353097412462,3.3705622757022207,3.704824507662349,4.02711469031337,3.393854691096118,3.352728972343155,3.727821065347005,3.039784586511272,1.6909317021701338,2.861995425688421,3.5048161840002576,3.141592654
6.220845090693798,3.5385381727478236,3.4882963890848684,3.8784515605065226,3.4746756175140945,2.99264280560577,2.6325781738248177,3.1987770013251104,3.669597479273613,2.986683864321211,3.6887125616719647,3.141592654
6.261960204642991,3.399982026254156,3.2533840007018173,3.898355526109472,3.5809551531745205,2.9681965663878445,2.640952937956104,2.9883764734552205,3.2566810592032187,2.7241549623441492,3.965726172787671,3.141592654
6.089450743866648,3.777085825038623,4.120610052831352,3.9007894250275146,3.1963944336081194,3.211877970637358,3.111382297348525,3.604690739520793,3.708650352424201,3.5266638964488894,2.9755469103546752,3.141592654
6.0157045654204,3.7192388643140015,4.364343383687184,3.994008118532715,3.0978112645507427,3.4673920004649497,3.854712774667514,3.5823597636606443,2.5284804033576815,3.54904723925503,2.7368392662490924,3.141592654
5.406960835292499,3.841015203051127,4.161397906899334,4.404150745774839,2.815150228231555,3.0459089162064688,4.029800263254359,2.5686735876006597,2.716554825162977,3.329750332589203,2.70260061194753,3.141592654
6.266833112091594,3.4550464944309893,3.2669866067336972,3.870633307922765,3.5720740318987474,2.91591049783088,2.464996730561305,3.0567071929310066,3.6559289736684426,2.7976908530424485,3.938320539678021,3.141592654
5.989425696070278,3.7669483947443703,4.490806116362816,3.998475691434311,3.042155027801967,3.5112390334457255,3.950473599316474,3.663542511252491,2.5362909779832488,3.657043245617657,2.594206136068719,3.141592654
5.989425696070278,3.7669483947443703,4.490806116362816,3.998475691434311,3.042155027801967,3.5112390334457255,3.950473599316474,3.663542511252491,2.5362909779832488,3.657043245617657,2.594206136068719,3.141592654
5.989425696070278,3.7669483947443703,4.490806116362816,3.998475691434311,3.042155027801967,3.5112390334457255,3.950473599316474,3.663542511252491,2.5362909779832488,3.657043245617657,2.594206136068719,3.141592654
5.989425696070278,3.7669483947443703,4.490806116362816,3.998475691434311,3.042155027801967,3.5112390334457255,3.950473599316474,3.663542511252491,2.5362909779832488,3.657043245617657,2.594206136068719,3.141592654
5.816860039250728,4.519484196149806,2.9256575635742395,2.236185840766349,2.677324436725533,3.131018904601887,3.4083488067202152,3.3013322297118655,2.210689657517788,2.8179577242889797,3.2216673143007912,3.141592654
5.854581533394399,4.514911751163328,2.781181753661031,2.2028791564984687,2.738013611435049,3.023924044883884,3.1126915687641583,3.2681845145289556,2.600174352997348,2.7564986068397257,3.3725530940511335,3.141592654
5.784011452547131,4.579121109216716,3.0837359794955135,2.2417703068960546,2.6077541407557936,3.1858276958544622,3.5280498375895215,3.402810664250935,2.2204528758044875,2.9529527323077933,3.043375901488778,3.141592654
5.836569191247374,4.483702048355979,2.8308105141442508,2.2328351610928623,2.719066614253344,3.09813362989291,3.336528188291602,3.2404451690672404,2.2048317265533517,2.7369607195825387,3.3286421618495243,3.141592654
6.120602520656841,3.7844407626886856,4.007749926163786,3.868599633987744,3.2431695490966703,3.1157448691911545,2.839665265612813,3.591838711285106,4.100087691564892,3.4922037806558213,3.0907744074733783,3.141592654
5.730021227775046,2.6229222624247353,4.547289659271814,2.6160361739016205,3.7302873928982576,4.367165176616075,2.5965328538612424,2.9557309539401495,2.7718110611504017,3.1907735327361877,3.2176605491780292,3.141592654
5.764302300486701,4.61490325712634,3.178583029232441,2.245120986580384,2.5660119630928993,3.2187129706698614,3.5998704562505583,3.4636977250925995,2.2263108067878807,3.0339497372763526,2.936401053593858,3.141592654
5.73171803768845,2.555930411707762,4.502071370018106,2.642641498811685,3.753082573379447,4.408489486809701,2.7485488547276486,2.8671045476367687,2.370610503723011,3.090238640510442,3.2807244648713394,3.141592654
5.705439168338328,2.603639942138131,4.628534102693736,2.6471090717132806,3.697426336630672,4.452336519790478,2.8443096793766087,2.948287295228615,2.378421078348579,3.198234646873069,3.1380913346909662,3.141592654
5.976286261363326,3.790803160017453,4.554037482854101,4.00070947789053,3.0143269093600376,3.533162549989325,3.9983540117571654,3.704133885146935,2.5401962653055112,3.71104124893003,2.5228895708054395,3.141592654
5.976286261363326,3.790803160017453,4.554037482854101,4.00070947789053,3.0143269093600376,3.533162549989325,3.9983540117571654,3.704133885146935,2.5401962653055112,3.71104124893003,2.5228895708054395,3.141592654
5.976286261363326,3.790803160017453,4.554037482854101,4.00070947789053,3.0143269093600376,3.533162549989325,3.9983540117571654,3.704133885146935,2.5401962653055112,3.71104124893003,2.5228895708054395,3.141592654
5.875987495317206,4.412137752629367,2.6411164149159467,2.2261338017328782,2.802550969471065,3.0323630803472508,3.192886951155465,3.118671047541542,2.19311586460173,2.574966709855115,3.542591857362415,3.141592654
5.6857300162779,2.6394220900477547,4.723381152430664,2.6504597513976105,3.655684158967778,4.485221794605876,2.9161302980376456,3.009174356070281,2.3842790093319723,3.2792316518416276,3.0311164867960465,3.141592654
5.6857300162779,2.6394220900477547,4.723381152430664,2.6504597513976105,3.655684158967778,4.485221794605876,2.9161302980376456,3.009174356070281,2.3842790093319723,3.2792316518416276,3.0311164867960465,3.141592654
5.9697165440736315,3.802730542538198,4.585653165792804,4.001826371107796,3.000412850274157,3.5441243081547027,4.022294217745089,3.724429571897117,2.5421489089476856,3.738040250324098,2.4872312885199865,3.141592654
5.9697165440736315,3.802730542538198,4.585653165792804,4.001826371107796,3.000412850274157,3.5441243081547027,4.022294217745089,3.724429571897117,2.5421489089476856,3.738040250324098,2.4872312885199865,3.141592654
5.6725905815709465,2.6632768553208375,4.78661251892195,2.6526935378538297,3.627856040525848,4.5071453111494755,2.964010710478336,3.0497657299647245,2.3881842966542344,3.333229655154001,2.959799921532767,3.141592654
5.889126930005022,4.388282987391024,2.5778850485167433,2.2239000152799115,2.830379087872469,3.0104395638355776,3.145006538784501,3.0780796737062106,2.189210577285155,2.520968706621378,3.6139084225218383,3.141592654
5.718314279076151,4.698394935466333,3.3998928116450005,2.25293923916631,2.46861354868123,3.2954452784660355,3.7674518995605553,3.605767533526111,2.239979312396842,3.2229427486075384,2.686793075518565,3.141592654
5.739720241049984,4.595620936839736,3.2598274726543637,2.276193884392044,2.5331509068253135,3.3038843138442644,3.847647281765924,3.456254066381065,1.832920823986058,3.041410851413234,2.8568318391067953,3.141592654
5.370060208162617,3.680596368741576,3.999727875965967,4.211384555405582,3.153296964233268,3.243530157874581,3.6336950828020265,1.56528517711471,2.8151157268632567,3.665779080451652,4.1888749800330105,3.141592654
5.705174844432981,4.722249700623619,3.463124177829346,2.255173025611686,2.440785430374385,3.317368794903213,3.815332311768824,3.646358907223515,2.243884599700148,3.276940751657793,2.615476510601472,3.141592654
5.168698005033862,4.712824830648281,2.9124061861067756,2.6530298273717103,2.3111790451480996,2.775306369920993,3.727077532512922,2.4094201752366913,2.410479941280393,2.7606548274292115,2.9734789643824815,3.141592654
5.1884071570624,4.677042682796556,2.8175591365233172,2.6496791476928023,2.352921222743452,2.742421095158804,3.655256913968096,2.3485331144935464,2.4046220103064777,2.679657822591712,3.080453812104309,3.141592654
5.142419135664603,4.760534361113389,3.0388689188744884,2.6574974002765592,2.2555228083587995,2.819153402933695,3.8228383572316087,2.4906029228876503,2.4182905159116475,2.8686508338704746,2.8308458340982527,3.141592654
5.909758784643801,2.3451248899980026,2.8058918152486902,4.436702741241466,1.9893146916666489,3.968927514875299,3.458537615834914,3.6884077356101783,2.7921489026045037,3.127601130599098,3.3722009544989167,3.141592654
5.698605127079505,4.73417708326016,3.4947398610749896,2.256289918839796,2.42687137115342,3.3283305531750127,3.83927251798917,3.666654594170737,2.2458372433612785,3.3039397533139794,2.579818227969832,3.141592654
5.698605127079505,4.73417708326016,3.4947398610749896,2.256289918839796,2.42687137115342,3.3283305531750127,3.83927251798917,3.666654594170737,2.2458372433612785,3.3039397533139794,2.579818227969832,3.141592654
5.896619349936847,2.3689796552710853,2.8691231817399747,4.438936527697685,1.9614865732247189,3.990851031418898,3.506418028275605,3.7289991095046218,2.796054189926766,3.181599133911471,3.300884389235637,3.141592654
5.836833515152724,2.3650922898704905,3.9962204390086415,2.6247712071944576,3.9757075205096304,4.233101354780174,2.3655055558993854,2.5423735570723407,2.339368205201783,2.6582546147978148,3.851256985939018,3.141592654
5.347833379238779,3.9483616465484066,4.44593905549624,4.4142027848061405,2.6899236955130403,3.144564740439821,4.245262118772625,2.7513347697315753,2.734128618075243,3.572741346970644,2.3816760689551435,3.141592654
5.921975516714999,4.328646074312535,2.419806632564775,2.2183155491491213,2.8999493838557173,2.9556307725723605,3.0253055078919533,2.9766012391474375,2.17944735899656,2.3859736985763527,3.79219983536847,3.141592654
5.921975516714999,4.328646074312535,2.419806632564775,2.2183155491491213,2.8999493838557173,2.9556307725723605,3.0253055078919533,2.9766012391474375,2.17944735899656,2.3859736985763527,3.79219983536847,3.141592654
5.942607371347399,2.2854879769310923,2.647813399327416,4.43111827511176,2.058884987636388,3.914118723622723,3.3388365849656085,3.5869293010711094,2.7823856843178043,2.992606122580284,3.55049236731093,3.141592654
5.846579330032864,2.475221226031354,4.023425651024773,2.569326770918109,3.957945277989182,4.12852921784932,2.0135931417258828,2.6790349957846593,3.1378640327343015,2.8053263959369334,3.7964457198156776,3.141592654
5.416048229573166,3.597104690401584,3.778418093553407,4.203566302819656,3.2506953786449375,3.166797850078406,3.4661136394920296,1.423215368681198,2.8014472212542953,3.4767860691204655,4.438482958108305,3.141592654
5.962316523356801,2.249705829114106,2.5529663498360393,4.427767595436105,2.1006271651912156,3.8812334488924622,3.267015966490509,3.5260422403870764,2.7765277533495767,2.91160911782142,3.657467214928901,3.141592654
5.943437674659726,3.850440073084363,4.712115898775375,4.0062939440202365,2.944756613390298,3.5879713412419005,4.118055042626471,3.805612319686003,2.54995948359221,3.846036256948844,2.3445981579934263,3.141592654
4.958731373978774,2.9758913158952347,5.089517973143564,3.080706456713181,3.1225700570764765,4.261050358920521,3.5221414978934433,2.360810544469167,2.607501016980758,3.545916774200801,2.355028746163524,3.141592654
5.620032842870703,2.7586959161815754,5.039537984273212,2.661628683657022,3.516543567028298,4.594839377111028,3.155532359776257,3.212131225148418,2.4038054459053706,3.549221667879255,2.67453366117202,3.141592654
6.210881753564538,3.6844492567256735,3.610348650592377,3.826357803905829,3.4151711974388195,2.9209559434051777,2.352486378126414,3.3963255007214626,4.473951237774361,3.214752650219194,3.526926447930655,3.141592654
5.9688862407039,2.237778446489144,2.5213506666210908,4.426650702209079,2.1145412243986716,3.870271690631305,3.243075760293406,3.5057465534595584,2.7745751096903413,2.8846101161914453,3.693125497525922,3.141592654
5.9688862407039,2.237778446489144,2.5213506666210908,4.426650702209079,2.1145412243986716,3.870271690631305,3.243075760293406,3.5057465534595584,2.7745751096903413,2.8846101161914453,3.693125497525922,3.141592654
6.231025950093385,3.136587068368979,3.216986653821929,4.038083510074817,3.6114467002972415,3.240588667057032,3.544674179871769,2.667018563462611,1.2623941333302964,2.3834745109713755,4.067096055581598,3.141592654
5.680639586609997,2.840397642179279,4.859036019908665,2.570643776608041,3.5872986176437465,4.361248863827035,2.4600822948979584,3.275053574903011,3.587880682294152,3.580836328385487,2.8419247400143237,3.141592654
5.613463125517227,2.770623298818116,5.071153667518854,2.662745576885132,3.502629507807333,4.605801135382827,3.1794725659966026,3.23242691209564,2.405758089566502,3.5762206695354415,2.63887537854038,3.141592654
5.853102245749652,4.325863581627788,2.677142569251655,2.283812024495082,2.7924850936145016,3.1588587338432115,3.592679777892324,3.022600982561112,1.3985253238946156,2.4818929318334044,3.5260865583945353,3.141592654
5.98202567538534,2.21392368126238,2.4581193002525814,4.424416915757197,2.1423693427865675,3.8483481741302743,3.195195347945684,3.465155179643931,2.770669822375661,2.8306121129839203,3.764442062650727,3.141592654
5.98859539272606,2.201996298648998,2.4265036170683265,4.423300022531256,2.1562834019805153,3.837386415879759,3.1712551417718227,3.444859492736117,2.7687171787183216,2.8036131113801575,3.8001003452131297,3.141592654
5.829225366616247,2.555245332121878,3.2304983028362315,4.423500135047033,1.7995508008040508,4.059144303730422,3.593804089147811,4.02058238488614,3.216781183927554,3.552124042174844,2.881237647918301,3.141592654
5.930298240016556,3.8742948382416498,4.775347264959721,4.008527730465613,2.916928495083453,3.609894857679078,4.165935454834741,3.846203693383408,2.553864770895516,3.900034259999098,2.273281593076333,3.141592654
5.811213024469222,2.5240356293145294,3.280127063319451,4.4534561396414265,1.7806038036223453,4.133353888739448,3.8176407086752535,3.992843039424424,2.8214385574835577,3.5325861549176567,2.837326715716691,3.141592654
6.013177452194667,2.221278618877704,2.345259173492934,4.392227124714174,2.189144458315643,3.7522150726521457,2.923478316140246,3.452303151349131,3.162107161510666,2.796151997112217,3.8796695598732858,3.141592654
6.008304544754596,2.166214150797272,2.331656567484868,4.419949342852347,2.1980255795758676,3.804501141117572,3.099434523226997,3.383972431992972,2.7628592477444065,2.7226161065426577,3.907075192934956,3.141592654
5.362452101567522,4.113555050886103,4.486746873544251,4.331036130343085,2.6632803317168188,2.987706534952003,3.717393497204323,2.95632692791968,3.931872360072986,3.7933490188080614,2.299459169722154,3.141592654
5.057012810248004,4.915590335064196,3.4498728002084125,2.672017012211626,2.0746400388644934,2.9616562601691077,4.13406103744532,2.7544468526498207,2.4436748834532733,3.2196378546669657,2.367288160856256,3.141592654
5.587184256167105,2.8183328292484853,5.197616400194486,2.667213149786728,3.446973271058558,4.649648168363603,3.275233390645562,3.3136096596874864,2.413568664192069,3.684216675898069,2.496242248360007,3.141592654
5.937516941615715,2.4864635291784127,2.7834682671123554,4.3513023003330344,1.9904994461772727,3.790145792950303,2.882788582058343,3.85280852010088,3.985987357298941,3.2942107993862613,3.3613006201830204,3.141592654
5.944086658969191,2.4745361465418716,2.7518525838667127,4.350185407104924,2.0044135053982375,3.779184034678504,2.858848375837998,3.8325128331536575,3.98403471363781,3.267211797730075,3.3969589028146605,3.141592654
5.268166467761277,2.5265381418946755,2.761024754627665,4.8524298346219705,1.6370833592696543,3.602253221954531,3.7533261354770024,2.776199994246894,2.9899865427116636,3.043299232161779,3.159670887108392,3.141592654
5.5854874462536985,2.8853246799654584,5.242834689448195,2.6406078248766636,3.4241780905773695,4.608323858169976,3.123217389779157,3.402236065990868,2.81476922161946,3.784751568123814,2.4331783326666967,3.141592654
5.274736185101995,2.5146107592812936,2.7294090714434103,4.85131294139603,1.6509974184636025,3.591291463704016,3.7293859293031417,2.75590430733908,2.9880338990543236,3.0163002305580164,3.1953291696707944,3.141592654
5.8861118579117155,2.7286906521160392,3.2325943079242756,3.402684426047737,4.4584988858066925,2.338613318836843,4.299606868768331,3.653811098403437,2.746021504123402,4.204770219466523,3.218113842262624,3.141592654
5.580614538813627,2.8302602118850264,5.229232083440128,2.668330043014838,3.433059211837594,4.660609926635403,3.299173596865908,3.3339053466347086,2.415521307853201,3.711215677554255,2.4605839657283672,3.141592654
5.946000991129969,2.151504275499143,2.5573768209874927,4.484328924972367,2.1044753485286,3.9967673441379072,3.6428685870535062,3.409676488498833,1.9799845689851223,2.791536338195946,3.676620198523424,3.141592654
5.043873375541052,4.939445100337279,3.513104166699698,2.674250798667846,2.046811920422564,2.9835797767127064,4.181941449886011,2.795038226544264,2.447580170775536,3.2736358579793383,2.2959715955929765,3.141592654
5.983504963032645,2.4029718508268405,2.5621584846691023,4.343484047746024,2.0878978606024505,3.7134134851434872,2.715207138725104,3.710738711647664,3.972318851688085,3.1052177880288627,3.610908598292932,3.141592654
5.7783644377656245,2.5836725423814393,3.438205479240725,4.459040605771133,1.7110335076526058,4.188162679992024,3.937341739544559,4.094321473963492,2.831201775770256,3.6675811629364703,2.659035302904678,3.141592654
5.841659620979059,4.282726496108658,2.695155646359312,2.3126511358715884,2.787452155712459,3.2221065605653303,3.792576191198866,2.97456595003747,1.0012300535722147,2.435356042776562,3.5178339089774333,3.141592654
6.003214115054803,2.3671897029866944,2.4673114351163377,4.3401333680682,2.1296400381842946,3.680528210391941,2.643386520203521,3.6498516509242216,3.966460920716064,3.024220783217575,3.717883445980139,3.141592654
